CREATE TABLE tipoSalas (
    id SERIAL PRIMARY KEY,
    tipo VARCHAR(30) NOT NULL
);

CREATE TABLE salas (
    id SERIAL PRIMARY KEY,
    nombre VARCHAR(40) NOT NULL,
    capacidad INT NOT NULL,
    estatus INT,
    descripcion TEXT,
    tipoSala INT REFERENCES tipoSalas(id)
);


INSERT INTO tipoSalas (tipo) VALUES
('Sala Est치ndar'),
('3D'),
('IMAX'),
('VIP'),
('4DX');



INSERT INTO salas (nombre, capacidad, tipoSala, estatus) VALUES
('Sala 1', 100, 1, 1),  -- Sala Est치ndar
('Sala 2', 100, 1, 1),  -- Sala Est치ndar
('Sala 3', 120, 2, 1),  -- 3D
('Sala 4', 120, 2, 1),  -- 3D
('Sala 5', 150, 3, 1),  -- IMAX
('Sala 6', 150, 3, 1),  -- IMAX
('Sala 7', 80, 4, 1),   -- VIP
('Sala 8', 80, 4, 1),   -- VIP
('Sala 9', 140, 5, 1),  -- 4DX
('Sala 10', 140, 5, 1); -- 4DX


SELECT * FROM salas;
SELECT * FROM tipoSalas;


SELECT
    salas.id,
    nombre ,
    capacidad,
    estatus,
    descripcion,
    tipoSalas.tipo AS tipoSala
FROM
    salas
INNER JOIN
    tipoSalas ON salas.tipoSala = tipoSalas.id;


CREATE TABLE roomTypes (
    id SERIAL PRIMARY KEY,
    type VARCHAR(30) NOT NULL
);

CREATE TABLE cinemaRooms (
    id SERIAL PRIMARY KEY,
    name VARCHAR(40) NOT NULL,
    capacity INT NOT NULL,
    status INT,
    description TEXT,
    roomType INT REFERENCES roomTypes(id)
);

INSERT INTO roomTypes (type) VALUES
('Sala Est치ndar'),
('3D'),
('IMAX'),
('VIP'),
('4DX');

INSERT INTO cinemaRooms (name, capacity, roomType, status) VALUES
('Sala 1', 100, 1, 1),
('Sala 2', 100, 1, 1),
('Sala 3', 120, 2, 1),
('Sala 4', 120, 2, 1),
('Sala 5', 150, 3, 1),
('Sala 6', 150, 3, 1),
('Sala 7', 80, 4, 1),
('Sala 8', 80, 4, 1),
('Sala 9', 140, 5, 1),
('Sala 10', 140, 5, 1);


SELECT * FROM cinemaRooms;
SELECT * FROM roomTypes;

SELECT
    cinemaRooms.id,
    name,
    capacity,
    status,
    description,
    roomTypes.type AS roomType
FROM
    cinemaRooms
INNER JOIN
    roomTypes ON cinemaRooms.roomType = roomTypes.id;
